insert into colores (cest, nombre) values ('249', 'Blanco Banchisa') on conflict do nothing;
insert into colores (cest, nombre) values ('534', 'Blanco Alaska') on conflict do nothing;
insert into colores (cest, nombre) values ('619', 'Plata Bari') on conflict do nothing;
insert into colores (cest, nombre) values ('806', 'Negro') on conflict do nothing;
insert into colores (cest, nombre) values ('978', 'Rojo') on conflict do nothing;
insert into colores (cest, nombre) values ('979', 'Gris Silverstone') on conflict do nothing;
insert into unidades (id, cis, check_digit, cest, st, ssc, smo, salida_linea) values (1, '8300018', '2', '979', 'I1', '101', '702', '2026-07-03T16:48:44.453000');
insert into unidades (id, cis, check_digit, cest, st, ssc, smo, salida_linea) values (2, '8300016', '6', '979', 'I1', '101', '702', '2026-07-03T16:46:57.550000');
insert into unidades (id, cis, check_digit, cest, st, ssc, smo, salida_linea) values (3, '8300017', '4', '979', 'I1', '101', '702', '2026-07-03T16:43:56.103000');
insert into unidades (id, cis, check_digit, cest, st, ssc, smo, salida_linea) values (4, '8300011', '7', '979', 'I1', '101', '702', '2026-07-03T16:17:32.567000');
insert into unidades (id, cis, check_digit, cest, st, ssc, smo, salida_linea) values (5, '8300007', '5', '979', 'I1', '101', '702', '2026-07-03T16:01:01.083000');
insert into unidades (id, cis, check_digit, cest, st, ssc, smo, salida_linea) values (6, '8300003', '4', '249', 'I1', '101', '712', '2026-07-03T15:50:23.140000');
insert into unidades (id, cis, check_digit, cest, st, ssc, smo, salida_linea) values (7, '8296550', '0', '249', 'I1', '101', '711', '2026-07-03T15:27:49.773000');
insert into unidades (id, cis, check_digit, cest, st, ssc, smo, salida_linea) values (8, '8300026', '5', '249', 'I1', '101', '711', '2026-07-03T15:23:53.227000');
insert into unidades (id, cis, check_digit, cest, st, ssc, smo, salida_linea) values (9, '8300024', '0', '249', 'I1', '101', '711', '2026-07-03T15:21:24.513000');
insert into unidades (id, cis, check_digit, cest, st, ssc, smo, salida_linea) values (10, '8300002', '6', '249', 'I1', '101', '711', '2026-07-03T15:18:42.683000');
insert into unidades (id, cis, check_digit, cest, st, ssc, smo, salida_linea) values (11, '8296645', '8', '249', 'I1', '101', '711', '2026-07-03T15:16:50.070000');
insert into unidades (id, cis, check_digit, cest, st, ssc, smo, salida_linea) values (12, '8296577', '3', '249', 'I1', '101', '711', '2026-07-03T15:14:56.860000');
insert into unidades (id, cis, check_digit, cest, st, ssc, smo, salida_linea) values (13, '8296579', '9', '979', 'I1', '101', '702', '2026-07-03T14:51:15.020000');
insert into unidades (id, cis, check_digit, cest, st, ssc, smo, salida_linea) values (14, '8300033', '1', '979', 'I1', '101', '702', '2026-07-03T14:43:25.337000');
insert into unidades (id, cis, check_digit, cest, st, ssc, smo, salida_linea) values (15, '8300032', '3', '619', 'I1', '101', '702', '2026-07-03T13:33:58.777000');
insert into unidades (id, cis, check_digit, cest, st, ssc, smo, salida_linea) values (16, '8300031', '5', '619', 'I1', '101', '702', '2026-07-03T13:32:24.883000');
insert into unidades (id, cis, check_digit, cest, st, ssc, smo, salida_linea) values (17, '8296637', '5', '619', 'I1', '101', '712', '2026-07-03T13:29:38.430000');
insert into unidades (id, cis, check_digit, cest, st, ssc, smo, salida_linea) values (18, '8300043', '0', '249', 'I1', '101', '711', '2026-07-03T13:02:30.260000');
insert into unidades (id, cis, check_digit, cest, st, ssc, smo, salida_linea) values (19, '8296551', '8', '249', 'I1', '101', '712', '2026-07-03T12:53:31.670000');
insert into unidades (id, cis, check_digit, cest, st, ssc, smo, salida_linea) values (20, '8296552', '6', '249', 'I1', '101', '712', '2026-07-03T12:47:01.680000');
insert into unidades (id, cis, check_digit, cest, st, ssc, smo, salida_linea) values (21, '8296578', '1', '979', 'I1', '101', '702', '2026-07-03T12:41:44.830000');
insert into unidades (id, cis, check_digit, cest, st, ssc, smo, salida_linea) values (22, '8296588', '0', '979', 'I1', '101', '702', '2026-07-03T12:35:53.220000');
insert into unidades (id, cis, check_digit, cest, st, ssc, smo, salida_linea) values (23, '8296625', '0', '979', 'I1', '101', '702', '2026-07-03T12:30:29.077000');
insert into unidades (id, cis, check_digit, cest, st, ssc, smo, salida_linea) values (24, '8296628', '4', '806', 'I1', '101', '702', '2026-07-03T12:24:05.427000');
insert into unidades (id, cis, check_digit, cest, st, ssc, smo, salida_linea) values (25, '8300039', '8', '806', 'I1', '101', '702', '2026-07-03T12:22:29.920000');
insert into unidades (id, cis, check_digit, cest, st, ssc, smo, salida_linea) values (26, '8296623', '5', '806', 'I1', '101', '702', '2026-07-03T11:53:13.663000');
insert into unidades (id, cis, check_digit, cest, st, ssc, smo, salida_linea) values (27, '8300040', '6', '806', 'I1', '101', '702', '2026-07-03T11:43:37.070000');
insert into unidades (id, cis, check_digit, cest, st, ssc, smo, salida_linea) values (28, '8296643', '3', '806', 'I1', '101', '702', '2026-07-03T11:37:56.480000');
insert into unidades (id, cis, check_digit, cest, st, ssc, smo, salida_linea) values (29, '8296630', '0', '979', 'I1', '101', '702', '2026-07-03T10:59:00.343000');
insert into unidades (id, cis, check_digit, cest, st, ssc, smo, salida_linea) values (30, '8300047', '1', '979', 'I1', '101', '702', '2026-07-03T10:52:36.170000');
insert into unidades (id, cis, check_digit, cest, st, ssc, smo, salida_linea) values (31, '8296095', '6', '979', 'I1', '101', '702', '2026-07-03T10:43:25.487000');
insert into unidades (id, cis, check_digit, cest, st, ssc, smo, salida_linea) values (32, '8296644', '1', '979', 'I1', '101', '702', '2026-07-03T10:41:40.950000');
insert into unidades (id, cis, check_digit, cest, st, ssc, smo, salida_linea) values (33, '8296759', '7', '979', 'I1', '101', '702', '2026-07-03T10:27:31.880000');
insert into unidades (id, cis, check_digit, cest, st, ssc, smo, salida_linea) values (34, '8296634', '2', '979', 'I1', '101', '702', '2026-07-03T10:26:16.183000');
insert into unidades (id, cis, check_digit, cest, st, ssc, smo, salida_linea) values (35, '8296754', '8', '979', 'I1', '101', '702', '2026-07-03T10:13:30.357000');
insert into unidades (id, cis, check_digit, cest, st, ssc, smo, salida_linea) values (36, '8296753', '0', '249', 'I1', '101', '712', '2026-07-03T09:39:14.410000');
insert into unidades (id, cis, check_digit, cest, st, ssc, smo, salida_linea) values (37, '8296618', '5', '619', 'I1', '101', '711', '2026-07-03T08:43:31.610000');
insert into unidades (id, cis, check_digit, cest, st, ssc, smo, salida_linea) values (38, '8296620', '1', '619', 'I1', '101', '702', '2026-07-03T08:38:14.717000');
insert into unidades (id, cis, check_digit, cest, st, ssc, smo, salida_linea) values (39, '8296608', '6', '619', 'I1', '101', '702', '2026-07-03T08:37:00.883000');
insert into unidades (id, cis, check_digit, cest, st, ssc, smo, salida_linea) values (40, '8296602', '9', '249', 'I1', '101', '712', '2026-07-03T07:46:39.633000');
insert into unidades (id, cis, check_digit, cest, st, ssc, smo, salida_linea) values (41, '8296607', '8', '249', 'I1', '101', '712', '2026-07-03T07:21:10.743000');
insert into unidades (id, cis, check_digit, cest, st, ssc, smo, salida_linea) values (42, '8296606', '0', '249', 'I1', '101', '712', '2026-07-03T07:16:22.750000');
insert into unidades (id, cis, check_digit, cest, st, ssc, smo, salida_linea) values (43, '8296565', '8', '979', 'I1', '101', '702', '2026-07-03T05:51:51.593000');
insert into unidades (id, cis, check_digit, cest, st, ssc, smo, salida_linea) values (44, '8296570', '8', '979', 'I1', '101', '702', '2026-07-02T21:24:12.883000');
insert into unidades (id, cis, check_digit, cest, st, ssc, smo, salida_linea) values (45, '8296568', '2', '619', 'I1', '101', '702', '2026-07-02T20:51:54.257000');
insert into unidades (id, cis, check_digit, cest, st, ssc, smo, salida_linea) values (46, '8296562', '5', '249', 'I1', '101', '712', '2026-07-02T20:36:55.620000');
insert into unidades (id, cis, check_digit, cest, st, ssc, smo, salida_linea) values (47, '8296543', '5', '619', 'I1', '101', '702', '2026-07-02T19:41:27.200000');
insert into unidades (id, cis, check_digit, cest, st, ssc, smo, salida_linea) values (48, '8296537', '7', '619', 'I1', '101', '702', '2026-07-02T19:23:20.543000');
insert into unidades (id, cis, check_digit, cest, st, ssc, smo, salida_linea) values (49, '8296512', '0', '534', 'I1', '101', '702', '2026-07-02T17:00:37.780000');
insert into unidades (id, cis, check_digit, cest, st, ssc, smo, salida_linea) values (50, '8296502', '1', '249', 'I1', '101', '712', '2026-07-02T15:55:21.860000');
insert into unidades (id, cis, check_digit, cest, st, ssc, smo, salida_linea) values (51, '8296464', '4', '619', 'I1', '101', '712', '2026-07-02T13:33:30.703000');
insert into unidades (id, cis, check_digit, cest, st, ssc, smo, salida_linea) values (52, '8296479', '2', '619', 'I1', '101', '712', '2026-07-02T13:30:35.413000');
insert into unidades (id, cis, check_digit, cest, st, ssc, smo, salida_linea) values (53, '8296474', '3', '619', 'I1', '101', '712', '2026-07-02T13:26:27.023000');
insert into unidades (id, cis, check_digit, cest, st, ssc, smo, salida_linea) values (54, '8296476', '8', '619', 'I1', '101', '710', '2026-07-02T13:23:23.557000');
insert into unidades (id, cis, check_digit, cest, st, ssc, smo, salida_linea) values (55, '8296473', '5', '534', 'I1', '101', '702', '2026-07-02T12:13:46.320000');
insert into unidades (id, cis, check_digit, cest, st, ssc, smo, salida_linea) values (56, '8296459', '4', '534', 'I1', '101', '702', '2026-07-02T11:13:16.920000');
insert into unidades (id, cis, check_digit, cest, st, ssc, smo, salida_linea) values (57, '8295960', '2', '619', 'I1', '101', '702', '2026-07-01T21:31:53.167000');
insert into unidades (id, cis, check_digit, cest, st, ssc, smo, salida_linea) values (58, '8295962', '8', '249', 'I1', '101', '712', '2026-07-01T20:58:55.247000');
insert into unidades (id, cis, check_digit, cest, st, ssc, smo, salida_linea) values (59, '8296116', '0', '249', 'I1', '101', '712', '2026-07-01T16:18:36.963000');
insert into unidades (id, cis, check_digit, cest, st, ssc, smo, salida_linea) values (60, '8295696', '2', '249', 'I1', '101', '712', '2026-07-01T13:29:47.853000');
insert into unidades (id, cis, check_digit, cest, st, ssc, smo, salida_linea) values (61, '8296378', '6', '979', 'I1', '101', '712', '2026-07-01T13:03:48.730000');
insert into unidades (id, cis, check_digit, cest, st, ssc, smo, salida_linea) values (62, '8296341', '4', '249', 'I1', '101', '712', '2026-07-01T11:13:19.643000');
insert into unidades (id, cis, check_digit, cest, st, ssc, smo, salida_linea) values (63, '8296366', '1', '619', 'I1', '101', '712', '2026-07-01T11:00:04.807000');
insert into unidades (id, cis, check_digit, cest, st, ssc, smo, salida_linea) values (64, '8296323', '2', '619', 'I1', '101', '712', '2026-07-01T10:54:09.530000');
insert into unidades (id, cis, check_digit, cest, st, ssc, smo, salida_linea) values (65, '8296363', '8', '619', 'I1', '101', '710', '2026-07-01T10:46:49.227000');
insert into unidades (id, cis, check_digit, cest, st, ssc, smo, salida_linea) values (66, '8296338', '0', '619', 'I1', '101', '712', '2026-07-01T08:56:08.923000');
insert into unidades (id, cis, check_digit, cest, st, ssc, smo, salida_linea) values (67, '8296076', '6', '619', 'I1', '101', '712', '2026-06-30T19:28:30.560000');
insert into unidades (id, cis, check_digit, cest, st, ssc, smo, salida_linea) values (68, '8296082', '4', '619', 'I1', '101', '712', '2026-06-30T19:10:05.477000');
insert into unidades (id, cis, check_digit, cest, st, ssc, smo, salida_linea) values (69, '8296081', '6', '619', 'I1', '101', '712', '2026-06-30T19:05:19');
insert into unidades (id, cis, check_digit, cest, st, ssc, smo, salida_linea) values (70, '8296080', '8', '619', 'I1', '101', '712', '2026-06-30T18:46:24.550000');
insert into unidades (id, cis, check_digit, cest, st, ssc, smo, salida_linea) values (71, '8296186', '3', '619', 'I1', '101', '711', '2026-06-30T15:52:17.287000');
insert into unidades (id, cis, check_digit, cest, st, ssc, smo, salida_linea) values (72, '8296286', '1', '619', 'I1', '101', '711', '2026-06-30T15:27:13.030000');
insert into unidades (id, cis, check_digit, cest, st, ssc, smo, salida_linea) values (73, '8296056', '8', '979', 'I1', '101', '702', '2026-06-30T15:25:37.500000');
insert into unidades (id, cis, check_digit, cest, st, ssc, smo, salida_linea) values (74, '8296177', '2', '619', 'I1', '101', '711', '2026-06-30T13:05:12.193000');
insert into unidades (id, cis, check_digit, cest, st, ssc, smo, salida_linea) values (75, '8295627', '7', '619', 'I1', '101', '710', '2026-06-30T10:47:50.717000');
insert into unidades (id, cis, check_digit, cest, st, ssc, smo, salida_linea) values (76, '8296298', '6', '979', 'I1', '101', '711', '2026-06-29T21:22:51.333000');
insert into unidades (id, cis, check_digit, cest, st, ssc, smo, salida_linea) values (77, '8296280', '4', '619', 'I1', '101', '711', '2026-06-29T20:11:01.300000');
insert into unidades (id, cis, check_digit, cest, st, ssc, smo, salida_linea) values (78, '8294161', '8', '619', 'I1', '101', '711', '2026-06-29T17:00:40.213000');
insert into unidades (id, cis, check_digit, cest, st, ssc, smo, salida_linea) values (79, '8295613', '7', '534', 'I1', '101', '702', '2026-06-29T14:12:14.397000');
insert into unidades (id, cis, check_digit, cest, st, ssc, smo, salida_linea) values (80, '8295602', '0', '619', 'I1', '101', '711', '2026-06-29T06:44:38.697000');
insert into unidades (id, cis, check_digit, cest, st, ssc, smo, salida_linea) values (81, '8296699', '5', '619', 'I1', '101', '711', '2026-06-29T06:37:12.930000');
insert into unidades (id, cis, check_digit, cest, st, ssc, smo, salida_linea) values (82, '8296701', '9', '979', 'I1', '101', '711', '2026-06-26T13:43:22.553000');
insert into unidades (id, cis, check_digit, cest, st, ssc, smo, salida_linea) values (83, '8295570', '9', '619', 'I1', '101', '711', '2026-06-26T07:14:56.803000');
insert into unidades (id, cis, check_digit, cest, st, ssc, smo, salida_linea) values (84, '8295564', '2', '619', 'I1', '101', '711', '2026-06-26T07:11:05.053000');
insert into unidades (id, cis, check_digit, cest, st, ssc, smo, salida_linea) values (85, '8294171', '7', '979', 'I1', '101', '711', '2026-06-25T08:15:55.063000');
insert into unidades (id, cis, check_digit, cest, st, ssc, smo, salida_linea) values (86, '8294133', '7', '619', 'I1', '101', '711', '2026-06-24T17:57:14.403000');
insert into unidades (id, cis, check_digit, cest, st, ssc, smo, salida_linea) values (87, '8294039', '6', '619', 'I1', '101', '711', '2026-06-24T14:57:58.820000');
insert into unidades (id, cis, check_digit, cest, st, ssc, smo, salida_linea) values (88, '8294040', '4', '979', 'I1', '101', '711', '2026-06-24T11:35:46.280000');
insert into unidades (id, cis, check_digit, cest, st, ssc, smo, salida_linea) values (89, '8295478', '5', '249', 'I1', '101', '711', '2026-06-18T09:52:06.680000');
insert into unidades (id, cis, check_digit, cest, st, ssc, smo, salida_linea) values (90, '8293498', '5', '619', 'I1', '101', '712', '2026-06-17T13:49:37.947000');
insert into unidades (id, cis, check_digit, cest, st, ssc, smo, salida_linea) values (91, '8293468', '8', '534', 'I1', '101', '702', '2026-06-16T19:25:35.170000');
insert into unidades (id, cis, check_digit, cest, st, ssc, smo, salida_linea) values (92, '8295514', '7', '806', 'I1', '101', '711', '2026-06-16T09:16:29.220000');
insert into unidades (id, cis, check_digit, cest, st, ssc, smo, salida_linea) values (93, '8291665', '1', '619', 'I1', '101', '711', '2026-06-10T12:20:53.837000');
insert into unidades (id, cis, check_digit, cest, st, ssc, smo, salida_linea) values (94, '8294718', '5', '249', 'I1', '101', '711', '2026-06-09T08:09:53.887000');
insert into unidades (id, cis, check_digit, cest, st, ssc, smo, salida_linea) values (95, '8294532', '0', '249', 'I1', '101', '711', '2026-06-08T06:02:01.667000');
insert into unidades (id, cis, check_digit, cest, st, ssc, smo, salida_linea) values (96, '8291240', '3', '806', 'I1', '101', '711', '2026-06-01T13:51:47.260000');
insert into unidades (id, cis, check_digit, cest, st, ssc, smo, salida_linea) values (97, '8290880', '7', '806', 'I1', '101', '711', '2026-05-28T20:08:34.783000');
insert into unidades (id, cis, check_digit, cest, st, ssc, smo, salida_linea) values (98, '8290832', '8', '249', 'I1', '101', '711', '2026-05-28T17:01:02.893000');
insert into unidades (id, cis, check_digit, cest, st, ssc, smo, salida_linea) values (99, '8290971', '4', '979', 'I1', '101', '711', '2026-05-27T06:10:07.827000');
insert into unidades (id, cis, check_digit, cest, st, ssc, smo, salida_linea) values (100, '8292978', '7', '619', 'I1', '101', '711', '2026-05-26T16:32:05.077000');
insert into unidades (id, cis, check_digit, cest, st, ssc, smo, salida_linea) values (101, '8292572', '8', '619', 'I1', '101', '711', '2026-05-22T18:24:38.217000');
insert into unidades (id, cis, check_digit, cest, st, ssc, smo, salida_linea) values (102, '8289375', '1', '619', 'I1', '101', '711', '2026-05-22T08:00:19.280000');
insert into unidades (id, cis, check_digit, cest, st, ssc, smo, salida_linea) values (103, '8292576', '9', '979', 'I1', '101', '711', '2026-05-21T20:29:39.110000');
insert into unidades (id, cis, check_digit, cest, st, ssc, smo, salida_linea) values (104, '8289305', '8', '979', 'I1', '101', '711', '2026-05-21T07:54:13.580000');
insert into unidades (id, cis, check_digit, cest, st, ssc, smo, salida_linea) values (105, '8289222', '5', '619', 'I1', '101', '711', '2026-05-20T21:22:42.930000');
insert into unidades (id, cis, check_digit, cest, st, ssc, smo, salida_linea) values (106, '8292287', '3', '619', 'I1', '101', '711', '2026-05-18T17:09:57.720000');
insert into unidades (id, cis, check_digit, cest, st, ssc, smo, salida_linea) values (107, '8292666', '8', '249', 'I1', '101', '711', '2026-05-15T20:11:42.557000');
insert into unidades (id, cis, check_digit, cest, st, ssc, smo, salida_linea) values (108, '8292522', '3', '619', 'I1', '101', '711', '2026-05-15T07:23:39.820000');
insert into unidades (id, cis, check_digit, cest, st, ssc, smo, salida_linea) values (109, '8292525', '6', '619', 'I1', '101', '711', '2026-05-15T07:06:16.977000');
insert into unidades (id, cis, check_digit, cest, st, ssc, smo, salida_linea) values (110, '8292121', '4', '978', 'I1', '101', '702', '2026-05-11T17:45:59.060000');
insert into unidades (id, cis, check_digit, cest, st, ssc, smo, salida_linea) values (111, '8292014', '1', '249', 'I1', '101', '711', '2026-05-11T06:40:30.923000');
insert into unidades (id, cis, check_digit, cest, st, ssc, smo, salida_linea) values (112, '8280277', '8', '619', 'I1', '101', '711', '2026-04-29T21:40:22.093000');
insert into unidades (id, cis, check_digit, cest, st, ssc, smo, salida_linea) values (113, '8280011', '1', '619', 'I1', '101', '711', '2026-04-28T20:59:14.100000');
insert into unidades (id, cis, check_digit, cest, st, ssc, smo, salida_linea) values (114, '8289874', '3', '619', 'I1', '101', '711', '2026-04-22T06:25:36.630000');
insert into unidades (id, cis, check_digit, cest, st, ssc, smo, salida_linea) values (115, '8297397', '5', '979', 'I1', '101', '712', '2026-04-20T09:41:36.330000');
insert into unidades (id, cis, check_digit, cest, st, ssc, smo, salida_linea) values (116, '8297768', '7', '979', 'I1', '101', '702', '2026-04-20T09:37:34.383000');
insert into unidades (id, cis, check_digit, cest, st, ssc, smo, salida_linea) values (117, '8297846', '1', '249', 'I1', '101', '711', '2026-04-17T18:41:30');
insert into unidades (id, cis, check_digit, cest, st, ssc, smo, salida_linea) values (118, '8297144', '1', '619', 'I1', '101', '711', '2026-04-08T07:11:11.863000');
insert into unidades (id, cis, check_digit, cest, st, ssc, smo, salida_linea) values (119, '8283660', '2', '534', 'I1', '101', '702', '2026-03-16T21:23:07.143000');
insert into unidades (id, cis, check_digit, cest, st, ssc, smo, salida_linea) values (120, '8284812', '8', '249', 'I1', '101', '711', '2026-02-23T07:15:25.143000');
insert into unidades (id, cis, check_digit, cest, st, ssc, smo, salida_linea) values (121, '8281722', '2', '619', 'I1', '101', '711', '2026-02-12T16:03:06.980000');
insert into unidades (id, cis, check_digit, cest, st, ssc, smo, salida_linea) values (122, '8273040', '9', '979', 'I1', '101', '712', '2026-01-07T15:58:56.107000');
insert into unidades (id, cis, check_digit, cest, st, ssc, smo, salida_linea) values (123, '8204606', '1', '619', 'I1', '101', '711', '2025-12-09T14:18:13.157000');
insert into unidades (id, cis, check_digit, cest, st, ssc, smo, salida_linea) values (124, '8228784', '8', '619', 'I1', '101', '711', '2025-03-07T16:10:21.633000');
insert into unidades (id, cis, check_digit, cest, st, ssc, smo, salida_linea) values (125, 'Export Date:', '8/7/2026 10:28:55', null, null, null, null, null);
insert into incidencias (id, unidad_id, estado, detectada_at, notas) values (1, 124, 'caso_especial', '2025-03-07T16:10:22', 'Scrap Tirar');
insert into incidencias (id, unidad_id, estado, detectada_at, notas) values (2, 123, 'en_box', '2025-12-09T14:18:13', 'Sin observaciones cargadas');
insert into incidencias (id, unidad_id, estado, detectada_at, notas) values (3, 122, 'en_box', '2026-01-07T15:58:56', 'Sin observaciones cargadas');
insert into incidencias (id, unidad_id, estado, detectada_at, notas) values (4, 121, 'en_box', '2026-02-12T16:03:07', 'JyP');
insert into incidencias (id, unidad_id, estado, detectada_at, notas) values (5, 120, 'en_box', '2026-02-23T07:15:25', 'Box 12 anomalias - ya repintada -  Bollo capot + B (-) Puerta Posterior Sx y Mal grafado Baul');
insert into incidencias (id, unidad_id, estado, detectada_at, notas) values (6, 119, 'en_box', '2026-03-16T21:23:07', 'JyP');
insert into incidencias (id, unidad_id, estado, detectada_at, notas) values (7, 118, 'en_box', '2026-04-08T07:11:12', 'Box Falta baul y Capot - ya repintada');
insert into incidencias (id, unidad_id, estado, detectada_at, notas) values (8, 117, 'en_box', '2026-04-17T18:41:30', 'Sin observaciones cargadas');
insert into incidencias (id, unidad_id, estado, detectada_at, notas) values (9, 116, 'en_box', '2026-04-20T09:37:34', 'Box 6 anomalias');
insert into incidencias (id, unidad_id, estado, detectada_at, notas) values (10, 115, 'en_box', '2026-04-20T09:41:36', 'Box 7 anomalias - Bollo Baul');
insert into incidencias (id, unidad_id, estado, detectada_at, notas) values (11, 114, 'en_box', '2026-04-22T06:25:37', 'Box 9 anomalias - Falta puerta anterior sx');
insert into incidencias (id, unidad_id, estado, detectada_at, notas) values (12, 113, 'en_box', '2026-04-28T20:59:14', 'Box 5 anomalias');
insert into incidencias (id, unidad_id, estado, detectada_at, notas) values (13, 112, 'en_box', '2026-04-29T21:40:22', 'Box 6 anomalias');
insert into incidencias (id, unidad_id, estado, detectada_at, notas) values (14, 111, 'en_box', '2026-05-11T06:40:30.923000', 'Box - Falta Capot para repintar');
insert into incidencias (id, unidad_id, estado, detectada_at, notas) values (15, 110, 'en_box', '2026-05-11T17:45:59', 'Box 3 anomalias - ya repintada - Marca de operación anterior dx.');
insert into incidencias (id, unidad_id, estado, detectada_at, notas) values (16, 109, 'en_box', '2026-05-15T07:06:17', 'Box 6 anomalias - ya repintada');
insert into incidencias (id, unidad_id, estado, detectada_at, notas) values (17, 108, 'en_box', '2026-05-15T07:23:40', 'Box 9 anomalia - ya repintada');
insert into incidencias (id, unidad_id, estado, detectada_at, notas) values (18, 107, 'en_box', '2026-05-15T20:11:43', 'Box 1 anomalia');
insert into incidencias (id, unidad_id, estado, detectada_at, notas) values (19, 106, 'en_box', '2026-05-18T17:09:58', 'Box - Fetuchia Baúl KO');
insert into incidencias (id, unidad_id, estado, detectada_at, notas) values (20, 105, 'caso_especial', '2026-05-20T21:22:43', 'Box chocado ver reparación chapa');
insert into incidencias (id, unidad_id, estado, detectada_at, notas) values (21, 104, 'en_box', '2026-05-21T07:54:14', 'Box Falta Capot - Bollo Baul');
insert into incidencias (id, unidad_id, estado, detectada_at, notas) values (22, 103, 'en_box', '2026-05-21T20:29:39', 'Box 2 anomalias - Falta capot y cambiar baul. Bollo puerta post sx y bollo puerta anterior dx.');
insert into incidencias (id, unidad_id, estado, detectada_at, notas) values (23, 102, 'en_box', '2026-05-22T08:00:19', 'Box - Repintar');
insert into incidencias (id, unidad_id, estado, detectada_at, notas) values (24, 101, 'en_box', '2026-05-22T18:24:38', 'Box 5 anomalias - ya repintada');
insert into incidencias (id, unidad_id, estado, detectada_at, notas) values (25, 100, 'en_box', '2026-05-26T16:32:05', 'Box 12 anomalias - ya repintada - Cambiar capot y baul');
insert into incidencias (id, unidad_id, estado, detectada_at, notas) values (26, 99, 'en_box', '2026-05-27T06:10:08', 'Box 2 anomalias');
insert into incidencias (id, unidad_id, estado, detectada_at, notas) values (27, 98, 'en_box', '2026-05-28T17:01:03', 'Sin observaciones cargadas');
insert into incidencias (id, unidad_id, estado, detectada_at, notas) values (28, 97, 'en_box', '2026-05-28T20:08:35', 'Box 3 anomalias - Falta de Capot');
insert into incidencias (id, unidad_id, estado, detectada_at, notas) values (29, 96, 'en_box', '2026-06-01T13:51:47', 'Box 7 anomalias - ya repintada');
insert into incidencias (id, unidad_id, estado, detectada_at, notas) values (30, 95, 'en_box', '2026-06-08T06:02:02', 'Box 5 anomalias - ya repintada');
insert into incidencias (id, unidad_id, estado, detectada_at, notas) values (31, 92, 'en_box', '2026-06-16T09:16:29', 'Box 2 anomalia');
insert into incidencias (id, unidad_id, estado, detectada_at, notas) values (32, 91, 'en_box', '2026-06-16T19:25:35.170000', 'Box - Para repintar');
insert into incidencias (id, unidad_id, estado, detectada_at, notas) values (33, 89, 'caso_especial', '2026-06-18T09:52:07', 'Sin documento');
insert into incidencias (id, unidad_id, estado, detectada_at, notas) values (34, 88, 'en_box', '2026-06-24T11:35:46', 'Box 6 anomalias, Bollo guardabarro dx y Marca de operación en el Baul');
insert into incidencias (id, unidad_id, estado, detectada_at, notas) values (35, 87, 'en_box', '2026-06-24T14:57:59', 'Box 3 anomalias, bollo zocalo y falta capot');
insert into incidencias (id, unidad_id, estado, detectada_at, notas) values (36, 84, 'en_box', '2026-06-26T07:11:05', 'Box 7 anomalias - Marca de operación puerta anterior dx y puerta posterior dx - Ya repintada');
insert into incidencias (id, unidad_id, estado, detectada_at, notas) values (37, 82, 'en_box', '2026-06-26T13:43:23', 'Box 2 anomalias - Marca Operación puerta post sx.');
insert into incidencias (id, unidad_id, estado, detectada_at, notas) values (38, 79, 'en_box', '2026-06-29T14:12:14', 'Box 5 anomalias');
insert into incidencias (id, unidad_id, estado, detectada_at, notas) values (39, 72, 'en_box', '2026-06-30T15:27:13', 'JyP Capot');
insert into incidencias (id, unidad_id, estado, detectada_at, notas) values (40, 69, 'en_box', '2026-06-30T19:05:19', 'Box 10 anomalias  - Bollo Capot');
insert into incidencias (id, unidad_id, estado, detectada_at, notas) values (41, 67, 'en_box', '2026-06-30T19:28:31', 'Box 1 anomalia');
insert into incidencias (id, unidad_id, estado, detectada_at, notas) values (42, 55, 'en_box', '2026-07-02T12:13:46', 'Box 5 anomalias');
insert into incidencias (id, unidad_id, estado, detectada_at, notas) values (43, 47, 'en_box', '2026-07-02T19:41:27', 'Box 5 anomalias');
insert into incidencias (id, unidad_id, estado, detectada_at, notas) values (44, 44, 'en_box', '2026-07-02T21:24:13', 'Box - Bollo puerta anterior dx.');
insert into incidencias (id, unidad_id, estado, detectada_at, notas) values (45, 41, 'en_box', '2026-07-03T07:21:11', 'Box 2 anomalias');
insert into incidencia_fallas (id, incidencia_id, tipo_falla_id, particularidad_id, descripcion) values (1, 1, 7, null, 'Scrap Tirar');
insert into incidencia_fallas (id, incidencia_id, tipo_falla_id, particularidad_id, descripcion) values (2, 2, 8, null, 'Sin observaciones cargadas');
insert into incidencia_fallas (id, incidencia_id, tipo_falla_id, particularidad_id, descripcion) values (3, 3, 8, null, 'Sin observaciones cargadas');
insert into incidencia_fallas (id, incidencia_id, tipo_falla_id, particularidad_id, descripcion) values (4, 4, 5, null, null);
insert into incidencia_fallas (id, incidencia_id, tipo_falla_id, particularidad_id, descripcion) values (5, 5, 1, null, 'Box 12 anomalias - ya repintada -  Bollo capot + B (-) Puerta Posterior Sx y Mal grafado Baul');
insert into incidencia_fallas (id, incidencia_id, tipo_falla_id, particularidad_id, descripcion) values (6, 5, 4, null, null);
insert into incidencia_fallas (id, incidencia_id, tipo_falla_id, particularidad_id, descripcion) values (7, 6, 5, null, null);
insert into incidencia_fallas (id, incidencia_id, tipo_falla_id, particularidad_id, descripcion) values (8, 7, 2, 1, null);
insert into incidencia_fallas (id, incidencia_id, tipo_falla_id, particularidad_id, descripcion) values (9, 7, 2, 2, null);
insert into incidencia_fallas (id, incidencia_id, tipo_falla_id, particularidad_id, descripcion) values (10, 7, 4, null, null);
insert into incidencia_fallas (id, incidencia_id, tipo_falla_id, particularidad_id, descripcion) values (11, 8, 8, null, 'Sin observaciones cargadas');
insert into incidencia_fallas (id, incidencia_id, tipo_falla_id, particularidad_id, descripcion) values (12, 9, 8, null, 'Box 6 anomalias');
insert into incidencia_fallas (id, incidencia_id, tipo_falla_id, particularidad_id, descripcion) values (13, 10, 1, null, 'Box 7 anomalias - Bollo Baul');
insert into incidencia_fallas (id, incidencia_id, tipo_falla_id, particularidad_id, descripcion) values (14, 11, 2, 3, null);
insert into incidencia_fallas (id, incidencia_id, tipo_falla_id, particularidad_id, descripcion) values (15, 12, 8, null, 'Box 5 anomalias');
insert into incidencia_fallas (id, incidencia_id, tipo_falla_id, particularidad_id, descripcion) values (16, 13, 8, null, 'Box 6 anomalias');
insert into incidencia_fallas (id, incidencia_id, tipo_falla_id, particularidad_id, descripcion) values (17, 14, 2, 1, null);
insert into incidencia_fallas (id, incidencia_id, tipo_falla_id, particularidad_id, descripcion) values (18, 14, 3, null, null);
insert into incidencia_fallas (id, incidencia_id, tipo_falla_id, particularidad_id, descripcion) values (19, 15, 4, null, null);
insert into incidencia_fallas (id, incidencia_id, tipo_falla_id, particularidad_id, descripcion) values (20, 15, 6, null, 'Box 3 anomalias - ya repintada - Marca de operación anterior dx.');
insert into incidencia_fallas (id, incidencia_id, tipo_falla_id, particularidad_id, descripcion) values (21, 16, 4, null, null);
insert into incidencia_fallas (id, incidencia_id, tipo_falla_id, particularidad_id, descripcion) values (22, 17, 4, null, null);
insert into incidencia_fallas (id, incidencia_id, tipo_falla_id, particularidad_id, descripcion) values (23, 18, 8, null, 'Box 1 anomalia');
insert into incidencia_fallas (id, incidencia_id, tipo_falla_id, particularidad_id, descripcion) values (24, 19, 8, null, 'Box - Fetuchia Baúl KO');
insert into incidencia_fallas (id, incidencia_id, tipo_falla_id, particularidad_id, descripcion) values (25, 20, 7, null, 'Box chocado ver reparación chapa');
insert into incidencia_fallas (id, incidencia_id, tipo_falla_id, particularidad_id, descripcion) values (26, 21, 1, null, 'Box Falta Capot - Bollo Baul');
insert into incidencia_fallas (id, incidencia_id, tipo_falla_id, particularidad_id, descripcion) values (27, 21, 2, 2, null);
insert into incidencia_fallas (id, incidencia_id, tipo_falla_id, particularidad_id, descripcion) values (28, 22, 1, null, 'Box 2 anomalias - Falta capot y cambiar baul. Bollo puerta post sx y bollo puerta anterior dx.');
insert into incidencia_fallas (id, incidencia_id, tipo_falla_id, particularidad_id, descripcion) values (29, 22, 2, 1, null);
insert into incidencia_fallas (id, incidencia_id, tipo_falla_id, particularidad_id, descripcion) values (30, 22, 2, 2, null);
insert into incidencia_fallas (id, incidencia_id, tipo_falla_id, particularidad_id, descripcion) values (31, 23, 3, null, null);
insert into incidencia_fallas (id, incidencia_id, tipo_falla_id, particularidad_id, descripcion) values (32, 24, 4, null, null);
insert into incidencia_fallas (id, incidencia_id, tipo_falla_id, particularidad_id, descripcion) values (33, 25, 4, null, null);
insert into incidencia_fallas (id, incidencia_id, tipo_falla_id, particularidad_id, descripcion) values (34, 26, 8, null, 'Box 2 anomalias');
insert into incidencia_fallas (id, incidencia_id, tipo_falla_id, particularidad_id, descripcion) values (35, 27, 8, null, 'Sin observaciones cargadas');
insert into incidencia_fallas (id, incidencia_id, tipo_falla_id, particularidad_id, descripcion) values (36, 28, 2, 1, null);
insert into incidencia_fallas (id, incidencia_id, tipo_falla_id, particularidad_id, descripcion) values (37, 29, 4, null, null);
insert into incidencia_fallas (id, incidencia_id, tipo_falla_id, particularidad_id, descripcion) values (38, 30, 4, null, null);
insert into incidencia_fallas (id, incidencia_id, tipo_falla_id, particularidad_id, descripcion) values (39, 31, 8, null, 'Box 2 anomalia');
insert into incidencia_fallas (id, incidencia_id, tipo_falla_id, particularidad_id, descripcion) values (40, 32, 3, null, null);
insert into incidencia_fallas (id, incidencia_id, tipo_falla_id, particularidad_id, descripcion) values (41, 33, 7, null, 'Sin documento');
insert into incidencia_fallas (id, incidencia_id, tipo_falla_id, particularidad_id, descripcion) values (42, 34, 1, null, 'Box 6 anomalias, Bollo guardabarro dx y Marca de operación en el Baul');
insert into incidencia_fallas (id, incidencia_id, tipo_falla_id, particularidad_id, descripcion) values (43, 34, 6, null, 'Box 6 anomalias, Bollo guardabarro dx y Marca de operación en el Baul');
insert into incidencia_fallas (id, incidencia_id, tipo_falla_id, particularidad_id, descripcion) values (44, 35, 1, null, 'Box 3 anomalias, bollo zocalo y falta capot');
insert into incidencia_fallas (id, incidencia_id, tipo_falla_id, particularidad_id, descripcion) values (45, 35, 2, 1, null);
insert into incidencia_fallas (id, incidencia_id, tipo_falla_id, particularidad_id, descripcion) values (46, 36, 4, null, null);
insert into incidencia_fallas (id, incidencia_id, tipo_falla_id, particularidad_id, descripcion) values (47, 36, 6, null, 'Box 7 anomalias - Marca de operación puerta anterior dx y puerta posterior dx - Ya repintada');
insert into incidencia_fallas (id, incidencia_id, tipo_falla_id, particularidad_id, descripcion) values (48, 37, 6, null, 'Box 2 anomalias - Marca Operación puerta post sx.');
insert into incidencia_fallas (id, incidencia_id, tipo_falla_id, particularidad_id, descripcion) values (49, 38, 8, null, 'Box 5 anomalias');
insert into incidencia_fallas (id, incidencia_id, tipo_falla_id, particularidad_id, descripcion) values (50, 39, 5, null, null);
insert into incidencia_fallas (id, incidencia_id, tipo_falla_id, particularidad_id, descripcion) values (51, 40, 1, null, 'Box 10 anomalias  - Bollo Capot');
insert into incidencia_fallas (id, incidencia_id, tipo_falla_id, particularidad_id, descripcion) values (52, 41, 8, null, 'Box 1 anomalia');
insert into incidencia_fallas (id, incidencia_id, tipo_falla_id, particularidad_id, descripcion) values (53, 42, 8, null, 'Box 5 anomalias');
insert into incidencia_fallas (id, incidencia_id, tipo_falla_id, particularidad_id, descripcion) values (54, 43, 8, null, 'Box 5 anomalias');
insert into incidencia_fallas (id, incidencia_id, tipo_falla_id, particularidad_id, descripcion) values (55, 44, 1, null, 'Box - Bollo puerta anterior dx.');
insert into incidencia_fallas (id, incidencia_id, tipo_falla_id, particularidad_id, descripcion) values (56, 45, 8, null, 'Box 2 anomalias');
insert into eventos (incidencia_id, estado_anterior, estado_nuevo, registrado_at, observacion) values (1, null, 'caso_especial', '2025-03-07T16:10:22', 'Migrado desde Excel');
insert into eventos (incidencia_id, estado_anterior, estado_nuevo, registrado_at, observacion) values (2, null, 'en_box', '2025-12-09T14:18:13', 'Migrado desde Excel');
insert into eventos (incidencia_id, estado_anterior, estado_nuevo, registrado_at, observacion) values (3, null, 'en_box', '2026-01-07T15:58:56', 'Migrado desde Excel');
insert into eventos (incidencia_id, estado_anterior, estado_nuevo, registrado_at, observacion) values (4, null, 'en_box', '2026-02-12T16:03:07', 'Migrado desde Excel');
insert into eventos (incidencia_id, estado_anterior, estado_nuevo, registrado_at, observacion) values (5, null, 'en_box', '2026-02-23T07:15:25', 'Migrado desde Excel');
insert into eventos (incidencia_id, estado_anterior, estado_nuevo, registrado_at, observacion) values (6, null, 'en_box', '2026-03-16T21:23:07', 'Migrado desde Excel');
insert into eventos (incidencia_id, estado_anterior, estado_nuevo, registrado_at, observacion) values (7, null, 'en_box', '2026-04-08T07:11:12', 'Migrado desde Excel');
insert into eventos (incidencia_id, estado_anterior, estado_nuevo, registrado_at, observacion) values (8, null, 'en_box', '2026-04-17T18:41:30', 'Migrado desde Excel');
insert into eventos (incidencia_id, estado_anterior, estado_nuevo, registrado_at, observacion) values (9, null, 'en_box', '2026-04-20T09:37:34', 'Migrado desde Excel');
insert into eventos (incidencia_id, estado_anterior, estado_nuevo, registrado_at, observacion) values (10, null, 'en_box', '2026-04-20T09:41:36', 'Migrado desde Excel');
insert into eventos (incidencia_id, estado_anterior, estado_nuevo, registrado_at, observacion) values (11, null, 'en_box', '2026-04-22T06:25:37', 'Migrado desde Excel');
insert into eventos (incidencia_id, estado_anterior, estado_nuevo, registrado_at, observacion) values (12, null, 'en_box', '2026-04-28T20:59:14', 'Migrado desde Excel');
insert into eventos (incidencia_id, estado_anterior, estado_nuevo, registrado_at, observacion) values (13, null, 'en_box', '2026-04-29T21:40:22', 'Migrado desde Excel');
insert into eventos (incidencia_id, estado_anterior, estado_nuevo, registrado_at, observacion) values (14, null, 'en_box', '2026-05-11T06:40:30.923000', 'Migrado desde Excel');
insert into eventos (incidencia_id, estado_anterior, estado_nuevo, registrado_at, observacion) values (15, null, 'en_box', '2026-05-11T17:45:59', 'Migrado desde Excel');
insert into eventos (incidencia_id, estado_anterior, estado_nuevo, registrado_at, observacion) values (16, null, 'en_box', '2026-05-15T07:06:17', 'Migrado desde Excel');
insert into eventos (incidencia_id, estado_anterior, estado_nuevo, registrado_at, observacion) values (17, null, 'en_box', '2026-05-15T07:23:40', 'Migrado desde Excel');
insert into eventos (incidencia_id, estado_anterior, estado_nuevo, registrado_at, observacion) values (18, null, 'en_box', '2026-05-15T20:11:43', 'Migrado desde Excel');
insert into eventos (incidencia_id, estado_anterior, estado_nuevo, registrado_at, observacion) values (19, null, 'en_box', '2026-05-18T17:09:58', 'Migrado desde Excel');
insert into eventos (incidencia_id, estado_anterior, estado_nuevo, registrado_at, observacion) values (20, null, 'caso_especial', '2026-05-20T21:22:43', 'Migrado desde Excel');
insert into eventos (incidencia_id, estado_anterior, estado_nuevo, registrado_at, observacion) values (21, null, 'en_box', '2026-05-21T07:54:14', 'Migrado desde Excel');
insert into eventos (incidencia_id, estado_anterior, estado_nuevo, registrado_at, observacion) values (22, null, 'en_box', '2026-05-21T20:29:39', 'Migrado desde Excel');
insert into eventos (incidencia_id, estado_anterior, estado_nuevo, registrado_at, observacion) values (23, null, 'en_box', '2026-05-22T08:00:19', 'Migrado desde Excel');
insert into eventos (incidencia_id, estado_anterior, estado_nuevo, registrado_at, observacion) values (24, null, 'en_box', '2026-05-22T18:24:38', 'Migrado desde Excel');
insert into eventos (incidencia_id, estado_anterior, estado_nuevo, registrado_at, observacion) values (25, null, 'en_box', '2026-05-26T16:32:05', 'Migrado desde Excel');
insert into eventos (incidencia_id, estado_anterior, estado_nuevo, registrado_at, observacion) values (26, null, 'en_box', '2026-05-27T06:10:08', 'Migrado desde Excel');
insert into eventos (incidencia_id, estado_anterior, estado_nuevo, registrado_at, observacion) values (27, null, 'en_box', '2026-05-28T17:01:03', 'Migrado desde Excel');
insert into eventos (incidencia_id, estado_anterior, estado_nuevo, registrado_at, observacion) values (28, null, 'en_box', '2026-05-28T20:08:35', 'Migrado desde Excel');
insert into eventos (incidencia_id, estado_anterior, estado_nuevo, registrado_at, observacion) values (29, null, 'en_box', '2026-06-01T13:51:47', 'Migrado desde Excel');
insert into eventos (incidencia_id, estado_anterior, estado_nuevo, registrado_at, observacion) values (30, null, 'en_box', '2026-06-08T06:02:02', 'Migrado desde Excel');
insert into eventos (incidencia_id, estado_anterior, estado_nuevo, registrado_at, observacion) values (31, null, 'en_box', '2026-06-16T09:16:29', 'Migrado desde Excel');
insert into eventos (incidencia_id, estado_anterior, estado_nuevo, registrado_at, observacion) values (32, null, 'en_box', '2026-06-16T19:25:35.170000', 'Migrado desde Excel');
insert into eventos (incidencia_id, estado_anterior, estado_nuevo, registrado_at, observacion) values (33, null, 'caso_especial', '2026-06-18T09:52:07', 'Migrado desde Excel');
insert into eventos (incidencia_id, estado_anterior, estado_nuevo, registrado_at, observacion) values (34, null, 'en_box', '2026-06-24T11:35:46', 'Migrado desde Excel');
insert into eventos (incidencia_id, estado_anterior, estado_nuevo, registrado_at, observacion) values (35, null, 'en_box', '2026-06-24T14:57:59', 'Migrado desde Excel');
insert into eventos (incidencia_id, estado_anterior, estado_nuevo, registrado_at, observacion) values (36, null, 'en_box', '2026-06-26T07:11:05', 'Migrado desde Excel');
insert into eventos (incidencia_id, estado_anterior, estado_nuevo, registrado_at, observacion) values (37, null, 'en_box', '2026-06-26T13:43:23', 'Migrado desde Excel');
insert into eventos (incidencia_id, estado_anterior, estado_nuevo, registrado_at, observacion) values (38, null, 'en_box', '2026-06-29T14:12:14', 'Migrado desde Excel');
insert into eventos (incidencia_id, estado_anterior, estado_nuevo, registrado_at, observacion) values (39, null, 'en_box', '2026-06-30T15:27:13', 'Migrado desde Excel');
insert into eventos (incidencia_id, estado_anterior, estado_nuevo, registrado_at, observacion) values (40, null, 'en_box', '2026-06-30T19:05:19', 'Migrado desde Excel');
insert into eventos (incidencia_id, estado_anterior, estado_nuevo, registrado_at, observacion) values (41, null, 'en_box', '2026-06-30T19:28:31', 'Migrado desde Excel');
insert into eventos (incidencia_id, estado_anterior, estado_nuevo, registrado_at, observacion) values (42, null, 'en_box', '2026-07-02T12:13:46', 'Migrado desde Excel');
insert into eventos (incidencia_id, estado_anterior, estado_nuevo, registrado_at, observacion) values (43, null, 'en_box', '2026-07-02T19:41:27', 'Migrado desde Excel');
insert into eventos (incidencia_id, estado_anterior, estado_nuevo, registrado_at, observacion) values (44, null, 'en_box', '2026-07-02T21:24:13', 'Migrado desde Excel');
insert into eventos (incidencia_id, estado_anterior, estado_nuevo, registrado_at, observacion) values (45, null, 'en_box', '2026-07-03T07:21:11', 'Migrado desde Excel');
select setval('unidades_id_seq', (select max(id) from unidades));
select setval('incidencias_id_seq', (select max(id) from incidencias));
select setval('incidencia_fallas_id_seq', (select max(id) from incidencia_fallas));
